path,sha256,kind,added,deleted,binary,bytes,role,why,decision
.github/workflows/check.yml,12dca930e66c22614a51d150e960f8718da44d40cafb67db29deaecb036a6928,configuration,19,1,False,2287,把合同漂移、Rust检查、隔离数据库和容器烟测纳入CI,防止只在本机编译成功；新增模块进入同一验收入口,保留：CI运行成功与本地成功仍须分别报告
Cargo.lock,e3f6ad441647d4b6fd3b11418db953e45ec60d53ff0f11410ea4f9d3b07db89d,lock,419,1,False,86980,锁定新增JSON Schema、哈希/编码、URL、模型HTTP及下载解析的依赖树,新增直接依赖会产生传递依赖与校验和；419行并非419行业务,保留：应用仓库应提交锁文件，逐项审查直接依赖即可
Cargo.toml,f0c983b96eee14e6a92ace69c5bfadb6a1fe29e5263e01d904cf12db004551bf,configuration,1,0,False,1781,注册nexofolio-evidence工作区依赖,新增纯机械证据crate是用户计划明确要求,保留：仅1行，不新增微服务
README.md,3ab8aa2e9a44a513200046b7048cb7824ee79961d7ccee3dbab5e5a8b6fe72e9,configuration,63,6,False,15056,补充采集、目录、维护、命令、运行配置和验收边界,仓库交付后需能启动并知道什么已做/未做,保留：应聚焦入口，过程试验下沉验证文档
apps/backend/Cargo.toml,9ea5bf80e000e91c93e39fbe7e73d1e881380948cd141b5b2689f5763bbf0f2d,configuration,28,0,False,2183,增加传输校验/模型装配/测试目标及下载reqwest+YAML+semver依赖,实际路由和独立集成测试编译需要；下载依赖来自另一个任务,保留：直接依赖按功能分审，别把下载算入维护引擎
apps/backend/examples/downloads_preview.rs,29cede779dcf6101721ccd700d1abe146db3a6345ec4771b06aa536770e83df7,scripts,21,0,False,703,启动隔离下载路由联调服务,下载任务不重启共享18080也能测试真实路由,保留：开发/交付工具，不计入运行时业务
apps/backend/src/bin/admin.rs,3f21f21fd563e9bdc0256e2e71260ea575b44916e96dad68bb666082ab79f994,code,112,0,False,5379,增加路径策略、旧目录候选、单条处理和失败重试命令,早期无前端时提供实际操作入口；路径例外和故障恢复仍需运维通道,收缩：旧目录生成命令停止扩展，统一维护成熟后再退役
apps/backend/src/bin/worker.rs,5faa627247e3d23f75c627d3102911369d3e181e3edc73d3d1985668ee35ae2b,code,36,1,False,1931,装配并运行观测处理、证据处理和知识维护三个后台循环,把解析、关联和模型耗时移出批次接收；共用关闭信号,保留：调度入口应继续保持薄
apps/backend/src/http/access.rs,8b67b8d29c021426e63eca844947866b6ff58a435d3e7278f7561ca373a8b6b5,code,78,3,False,9526,在既有会话鉴权下增加环境列表、创建和改名，同时容纳业务HTTP状态,用户要求插件选环境及平台内部管理环境；沿用项目权限,调整：环境路由应独立，AccessHttp不应长期容纳所有业务状态
apps/backend/src/http/capture.rs,406fbc07156ff0e26a5083f01998f7678de479664e7395f29e006d64857c9ec1,code,306,0,False,11718,接收v3、能力声明、资产上传下载、观测与证据读取,同结构仍需独立证据收讫；资产与JSON分开；每次读取要鉴权,保留并拆小：接收、资产、证据查询三个传输职责当前合在306行
apps/backend/src/http/catalog_preview.rs,794536e9a671bde1b20ded5a9238ebe6ad3938559a16ced84fe15f45e80594d8,code,76,0,False,2288,旧目录候选任务列表和详情接口,已有候选页面/记录需要继续可读,兼容保留：不作为新维护主入口
apps/backend/src/http/documents.rs,c280858a90509186254448cebe29d38d9760acc3ab6c639d8ced3447b8ff03a7,code,123,0,False,3566,正式观测接口列表、环境定义、观测历史与原文读取,目录之外需要查看接口本体；结构是观测资料，不等于人工确认合同,保留：与后续语义层分开读取
apps/backend/src/http/downloads.rs,2329faa13e2207892c6a25bd3e670a43d701ca3cbc34d37a0389b2a4f365f2dd,code,333,0,False,10353,公开发行元信息API、并发合并、缓存、上游限时和分项结果,另一下载任务用于解决浏览器直读OSS及渠道聚合；与接口知识维护无关,单独交付：有独立需求依据，不能拿来解释本轮核心功能体量
apps/backend/src/http/downloads/manifests.rs,400637c868deca8b0671f9ab14a96cfc2658a7d3537756ac9097b5f02535d1d0,code,176,0,False,5562,解析Fetcher JSON及桌面YAML，验证版本/文件名/安装包链接,下载任务需处理两种清单；只返回经过约束的发行地址,单独交付：当前直接放HTTP模块，可接受小型读服务但不要蔓延
apps/backend/src/http/downloads/tests.rs,b9c7eb92b4bb87a65bd70864f99f8239d778de3dd373d7b74e30dcb0e2e07d03,test,458,0,False,15942,下载清单解析、缓存并发、体积/超时、渠道和路由测试,独立下载任务的故障面与知识维护无关,单独交付：458行测试不属于生产代码
apps/backend/src/http/ingestion.rs,8a23960daaa700461364b267af29b34d1d70440f593283099a4970926e5956b7,code,289,0,False,10619,v1/v2接收、协议选择、JSON校验、大小并发保护及v3分流,旧插件队列不能失效；共同HTTP边界应稳定,保留并关注：三代协议分支需明确退役规则，不能无限复制
apps/backend/src/http/maintenance.rs,eea8c1627aab4b31dc947a83c24ff695952865282554e5c12440325615a108a5,code,179,0,False,5631,显式创建维护、任务状态/快照/检查点、语义读取、发布回退,前端无需挑全量或局部；所有写操作走会话和项目权限,保留：对应用户明确的统一知识维护入口
apps/backend/src/http/mod.rs,11ecdcbb1333548e639f01137157e320d20474d716b75cbd2372d650bc463491,code,41,1,False,5632,挂载采集、文档、目录、维护及下载路由，保留健康检查/MCP,新功能只有装入主Router才能被客户端调用；下载是另外授权的功能,保留：装配变更需独立审查，源码挂载不等于运行镜像已更新
apps/backend/src/http/official_catalog.rs,ccf89f7cda1bb0d0cdb0f98f183c224fbc46ac38fa0e327c5cda79221b368242,code,120,0,False,3783,正式目录读取及旧目录专用发布/回退,保留已存在API，并保证旧目录操作不回退语义,兼容保留：界面应降为次级，避免误用
apps/backend/src/wiring/access.rs,5ada1f5e31f9f5706413b46a4c36ecc4d02ee1160aba4a1fd84fccef1dbe8634,code,65,3,False,3174,创建存储实现、应用服务和HTTP依赖并注入,保持业务crate不直接new数据库；按capture配置启用新链路,调整：函数已超出access职责，应拆环境/采集/知识装配
apps/backend/src/wiring/catalog.rs,13110e5f95aa2f71133311216c5d589bb9bb5e05c333c27e6f65ef56ee418d26,code,72,0,False,2431,分别创建旧目录模型和统一维护模型/存储/预算,复用现有provider，同时允许未配置能力明确报错,调整：旧模型路径不再新开发，最终收敛一条模型调用适配
apps/backend/src/wiring/config.rs,4b3b41910e78ce289f91454fc5b37a23521594061b9d5fe20d7a2db4e7ba2c2c,code,62,0,False,7739,增加模型、调用预算、快照大小、截图理解开关和文件目录配置,外部能力和资源上限不能散落硬编码；密钥用文件提供,保留并改进：需增加任务总耗时/实际用量观测；不能把256次上限当可接受时长
apps/backend/src/wiring/lifecycle.rs,4d669ac7ad2204727fad5d74e0b975d30abe2099a7c241af64633ced86107172,code,66,0,False,3572,增加结构、证据、维护worker运行循环和关闭处理,后台任务持续领取、失败后退让、退出时停止，需要独立于HTTP生命周期,调整：三个类似循环可共享少量生命周期辅助，避免做通用调度框架
apps/backend/src/wiring/mod.rs,21e34e6ab779b42704e82c69cdcf0ebac4d98202003b81e2dc03eb0929ca6b88,code,8,1,False,801,导出新的装配/生命周期入口,bin入口只引用明确公共接口,保留：只是模块注册，不是独立业务功能
contracts/capture/asset.schema.json,b189a81dc4a5d155a6368ddb7bd12df676a905f8ed07e91f371085afe510de3d,contract-artifact,37,0,False,631,独立资产上传/复用回执,从Rust DTO生成；为独立资产上传/复用回执提供运行时类型校验，前后端不靠手写猜字段,保留合同分发物：生成Schema有重复定义，适合自动校验/折叠审查而非逐行人工维护
contracts/capture/batch.schema.json,6a056ff3e35480c65ceef1d1353f9ba5c4474904a553b2e2cf6ccdf70bc1be76,contract-artifact,93,0,False,1736,v3项目/环境/producer批次信封,从Rust DTO生成；为v3项目/环境/producer批次信封提供运行时类型校验，前后端不靠手写猜字段,保留合同分发物：生成Schema有重复定义，适合自动校验/折叠审查而非逐行人工维护
contracts/capture/behavior.md,80f133fa2e06fa5dadece87d79d57295917f7be6d6b07ab431095c5e63a1b407,contract-artifact,15,0,False,3827,该合同包无法仅靠Schema表达的行为规则,说明幂等/权限/兼容/状态解释，避免accepted被当成新接口,保留：人工维护的协议语义
contracts/capture/capabilities.schema.json,c880f2d08a9de4a4bdca670bc643c67ce67665182e5ba30f2b0c508b357c9a7b,contract-artifact,123,0,False,2551,版本/大小/并发/资产能力声明,从Rust DTO生成；为版本/大小/并发/资产能力声明提供运行时类型校验，前后端不靠手写猜字段,保留合同分发物：生成Schema有重复定义，适合自动校验/折叠审查而非逐行人工维护
contracts/capture/context.schema.json,faa68dd2b3b3df16539de4cfb399f19504574f3a9dd903f022c5483514350923,contract-artifact,64,0,False,1197,浏览器/页面/frame/view/事件顺序和时间上下文,从Rust DTO生成；为浏览器/页面/frame/view/事件顺序和时间上下文提供运行时类型校验，前后端不靠手写猜字段,保留合同分发物：生成Schema有重复定义，适合自动校验/折叠审查而非逐行人工维护
contracts/capture/evidence-page.schema.json,bb354de2938b4db2b9791db1d9997af54aa31e72ea79cb4cc0823f230e34f1e2,contract-artifact,86,0,False,1630,证据分页列表,从Rust DTO生成；为证据分页列表提供运行时类型校验，前后端不靠手写猜字段,保留合同分发物：生成Schema有重复定义，适合自动校验/折叠审查而非逐行人工维护
contracts/capture/evidence.schema.json,462a0223dd54bb1596de047a7170f74857c9f8dceadae3cad23659ce13c1a0be,contract-artifact,53,0,False,913,单项证据事实、样例引用和计数,从Rust DTO生成；为单项证据事实、样例引用和计数提供运行时类型校验，前后端不靠手写猜字段,保留合同分发物：生成Schema有重复定义，适合自动校验/折叠审查而非逐行人工维护
contracts/capture/image-reference.schema.json,67583be2db2c7036c89203b030634a5e87e587a3aa9366e6d8a8c89b06a39a8d,contract-artifact,51,0,False,964,截图资产ID、视口与完整性,从Rust DTO生成；为截图资产ID、视口与完整性提供运行时类型校验，前后端不靠手写猜字段,保留合同分发物：生成Schema有重复定义，适合自动校验/折叠审查而非逐行人工维护
contracts/capture/interaction.schema.json,32a91ebca8786002ee758da6b84e0ad148b02c24a8207c8bd944c6dd304403dc,contract-artifact,172,0,False,3233,点击/选择/提交及目标控件,从Rust DTO生成；为点击/选择/提交及目标控件提供运行时类型校验，前后端不靠手写猜字段,保留合同分发物：生成Schema有重复定义，适合自动校验/折叠审查而非逐行人工维护
contracts/capture/manifest.json,4e8b5314ca62d8cdd827b3072cc0465c2b6ed926add570337aab81e6a4d69f45,contract-artifact,21,0,False,1524,该合同包的版本和文件SHA清单,让跨仓库同步能检测错版/漏同步/改内容不升版,保留：合同治理必要的机器清单
contracts/capture/observation.schema.json,29d4fafed323411db77ef662e2f63ed82273143925933cf0c1ffd00e6ab07797,contract-artifact,152,0,False,2932,可靠收讫后的结构/证据分别处理状态,从Rust DTO生成；为可靠收讫后的结构/证据分别处理状态提供运行时类型校验，前后端不靠手写猜字段,保留合同分发物：生成Schema有重复定义，适合自动校验/折叠审查而非逐行人工维护
contracts/capture/page-context.schema.json,6db4a94f189d3aae5cb2b352f8b3ebebb537bf3d88620e95689ec7b0a08dea43,contract-artifact,43,0,False,721,页面地址/标题/面包屑和覆盖缺口,从Rust DTO生成；为页面地址/标题/面包屑和覆盖缺口提供运行时类型校验，前后端不靠手写猜字段,保留合同分发物：生成Schema有重复定义，适合自动校验/折叠审查而非逐行人工维护
contracts/capture/receipt.schema.json,bfe69db45ca408e4a297049d10d6cd21f1260a3759d8172f05dcf9abf816458c,contract-artifact,115,0,False,2140,v3逐记录accepted/replayed/rejected回执,从Rust DTO生成；为v3逐记录accepted/replayed/rejected回执提供运行时类型校验，前后端不靠手写猜字段,保留合同分发物：生成Schema有重复定义，适合自动校验/折叠审查而非逐行人工维护
contracts/capture/record.schema.json,96b64aa98d6a63bdec1725b204811c87094e3cfdad6e39fc0c2f6ea2c3762bae,contract-artifact,703,0,False,14296,多种记录payload联合与公共元信息,从Rust DTO生成；为多种记录payload联合与公共元信息提供运行时类型校验，前后端不靠手写猜字段,保留合同分发物：生成Schema有重复定义，适合自动校验/折叠审查而非逐行人工维护
contracts/capture/types.generated.ts,64458572c8c8b8f7af91bfead800e016c8ef317058874ac67cfe63d0926c35df,contract-artifact,34,0,False,5121,该合同包的TypeScript类型,由Schema自动生成，插件/前端复制同版类型；静态类型不替代运行时校验,保留分发物：只改源合同后重生成
contracts/capture/ui-snapshot.schema.json,501e1f7f5355e166ec227d2986e60c65e15b3beed7bcfb023e4a736a264102e9,contract-artifact,163,0,False,3073,元素快照、值/标签/选项与完整性,从Rust DTO生成；为元素快照、值/标签/选项与完整性提供运行时类型校验，前后端不靠手写猜字段,保留合同分发物：生成Schema有重复定义，适合自动校验/折叠审查而非逐行人工维护
contracts/catalog-preview/activation.schema.json,2cf909c313b119634d8a2f1ef87c3227c6936e40cfef0c3ba2376efdfca2e7e2,contract-artifact,30,0,False,517,旧目录发布/回退幂等结果与代次,从Rust DTO生成；为旧目录发布/回退幂等结果与代次提供运行时类型校验，前后端不靠手写猜字段,保留合同分发物：生成Schema有重复定义，适合自动校验/折叠审查而非逐行人工维护
contracts/catalog-preview/behavior.md,bada03e3a12fee21291846edb28092dca9e0412924b49e2774160c7f73116047,contract-artifact,27,0,False,7679,该合同包无法仅靠Schema表达的行为规则,说明幂等/权限/兼容/状态解释，避免accepted被当成新接口,保留：人工维护的协议语义
contracts/catalog-preview/candidate.schema.json,71eb083c75e58fa59743ddac0bed5732178fab8f3f3e181e3cbfa216a044fb5c,contract-artifact,114,0,False,2308,目录节点/接口归属/展示合并组,从Rust DTO生成；为目录节点/接口归属/展示合并组提供运行时类型校验，前后端不靠手写猜字段,保留合同分发物：生成Schema有重复定义，适合自动校验/折叠审查而非逐行人工维护
contracts/catalog-preview/detail.schema.json,766154240f6026f28adf32ac5ff07dfbb305b8dd9e0d23c471fa36003e920706,contract-artifact,501,0,False,10540,候选任务详情与是否已发布,从Rust DTO生成；为候选任务详情与是否已发布提供运行时类型校验，前后端不靠手写猜字段,保留合同分发物：生成Schema有重复定义，适合自动校验/折叠审查而非逐行人工维护
contracts/catalog-preview/manifest.json,88e7370924bf82a9a3db4f1ba3bc7cf1fb68016d5a86aadd388b6981d30fbd8d,contract-artifact,19,0,False,1376,该合同包的版本和文件SHA清单,让跨仓库同步能检测错版/漏同步/改内容不升版,保留：合同治理必要的机器清单
contracts/catalog-preview/official-interfaces.schema.json,33c61fffe9600a66dada37636fbec7f314ec3fd1f120d29448f6e0546063d991,contract-artifact,93,0,False,1805,正式目录接口分页及环境定义,从Rust DTO生成；为正式目录接口分页及环境定义提供运行时类型校验，前后端不靠手写猜字段,保留合同分发物：生成Schema有重复定义，适合自动校验/折叠审查而非逐行人工维护
contracts/catalog-preview/official.schema.json,9b0e933f2cfae27b7314f2205851169ebe42501b58a375fbeedb6fcdfb6c19d0,contract-artifact,135,0,False,2573,正式树、固定待分类及来源版本,从Rust DTO生成；为正式树、固定待分类及来源版本提供运行时类型校验，前后端不靠手写猜字段,保留合同分发物：生成Schema有重复定义，适合自动校验/折叠审查而非逐行人工维护
contracts/catalog-preview/page.schema.json,50f2de7de772fbdde249485efc2a3f81b1032f4c4e7744a8c75a8a7a5d4d9a33,contract-artifact,99,0,False,1992,旧候选任务分页,从Rust DTO生成；为旧候选任务分页提供运行时类型校验，前后端不靠手写猜字段,保留合同分发物：生成Schema有重复定义，适合自动校验/折叠审查而非逐行人工维护
contracts/catalog-preview/prompt.txt,bed74da48bae90620729dfc68d7ed5e19607e317c36a2c0e640bcd49d5eba441,contract-artifact,8,0,False,2560,旧目录模型的外置提示词,限定候选树和来源，不给模型发布权限,兼容保留：旧模型路径停止扩展
contracts/catalog-preview/publish.schema.json,f556afb27026635b8adbb9b1954ce21b41b0b105f52d71ea894a538acfb358c6,contract-artifact,25,0,False,478,旧目录发布请求及期望代次,从Rust DTO生成；为旧目录发布请求及期望代次提供运行时类型校验，前后端不靠手写猜字段,保留合同分发物：生成Schema有重复定义，适合自动校验/折叠审查而非逐行人工维护
contracts/catalog-preview/restore.schema.json,ddc3bfd5a876b376c8738033f6b21337f443f3ea93b68ffda425e42874780c93,contract-artifact,30,0,False,615,旧目录回退目标与幂等请求,从Rust DTO生成；为旧目录回退目标与幂等请求提供运行时类型校验，前后端不靠手写猜字段,保留合同分发物：生成Schema有重复定义，适合自动校验/折叠审查而非逐行人工维护
contracts/catalog-preview/snapshot.schema.json,e5356f43aa3bfb4a6c4498cd5be1ec12b74050a3a186a7bbe10006f8f7005f15,contract-artifact,142,0,False,2834,旧候选所依据的接口与环境定义快照,从Rust DTO生成；为旧候选所依据的接口与环境定义快照提供运行时类型校验，前后端不靠手写猜字段,保留合同分发物：生成Schema有重复定义，适合自动校验/折叠审查而非逐行人工维护
contracts/catalog-preview/task.schema.json,1bfed4248f8572bb44d233b39291028366d0eb20283e329235d63a68568e8c16,contract-artifact,485,0,False,9906,旧候选生命周期、候选/评估/生成器信息,从Rust DTO生成；为旧候选生命周期、候选/评估/生成器信息提供运行时类型校验，前后端不靠手写猜字段,保留合同分发物：生成Schema有重复定义，适合自动校验/折叠审查而非逐行人工维护
contracts/catalog-preview/types.generated.ts,74f928e51615d7483b2233e1548608308606cec447dddf4b79a0e6faf5648975,contract-artifact,31,0,False,4511,该合同包的TypeScript类型,由Schema自动生成，插件/前端复制同版类型；静态类型不替代运行时校验,保留分发物：只改源合同后重生成
contracts/catalog-preview/versions.schema.json,52e4f12e2f8c0736d97bdefb54688b8f73cbb430e12f69acf7fb23b9b03373f2,contract-artifact,74,0,False,1370,目录历史版本分页,从Rust DTO生成；为目录历史版本分页提供运行时类型校验，前后端不靠手写猜字段,保留合同分发物：生成Schema有重复定义，适合自动校验/折叠审查而非逐行人工维护
contracts/documents/behavior.md,a4a462450ed731103c5a602326c7c21bf038d52f80d6d84d0072fb9a8b85fd15,contract-artifact,25,0,False,5387,该合同包无法仅靠Schema表达的行为规则,说明幂等/权限/兼容/状态解释，避免accepted被当成新接口,保留：人工维护的协议语义
contracts/documents/manifest.json,5ce66cf2d7d358bb123554d2a33c7122714c31b25e3055930d6671d135a7e611,contract-artifact,8,0,False,321,该合同包的版本和文件SHA清单,让跨仓库同步能检测错版/漏同步/改内容不升版,保留：合同治理必要的机器清单
contracts/documents/responses.schema.json,825daabd703d5d4e41f71507ab9e33d9cd5c5535c80046270acd2b70db83f49e,contract-artifact,587,0,False,13889,观测接口列表/详情/历史/原文响应集合,Schema作为权威源维护；为观测接口列表/详情/历史/原文响应集合提供运行时类型校验，前后端不靠手写猜字段,保留权威Schema：不能笼统算作生成代码
contracts/documents/types.generated.ts,5203e3ab2b06d06cc5a8ee0db88f75e7384c15f9cab346a20fa8f906edf119a3,contract-artifact,8,0,False,2449,该合同包的TypeScript类型,由Schema自动生成，插件/前端复制同版类型；静态类型不替代运行时校验,保留分发物：只改源合同后重生成
contracts/ingestion/batch.schema.json,db86248340cd6d9ad121641ff2ba3292b2d1e05032421c4653fdf363dbff3f61,contract-artifact,321,0,False,6821,v2完整HTTP批次与结构payload,Schema作为权威源维护；为v2完整HTTP批次与结构payload提供运行时类型校验，前后端不靠手写猜字段,保留权威Schema：不能笼统算作生成代码
contracts/ingestion/behavior.md,6264298e8fa2fc8db3a0ebd1bbbec69840c53d4f5bbb84b720f3ddd3ec75983d,contract-artifact,29,0,False,10097,该合同包无法仅靠Schema表达的行为规则,说明幂等/权限/兼容/状态解释，避免accepted被当成新接口,保留：人工维护的协议语义
contracts/ingestion/capabilities.schema.json,c17a2e08f59de27c63edb45a4f5e3f99b216cd86f37b0f0e3dec2471314a9d60,contract-artifact,47,0,False,868,v1/v2接收版本和资源限制,Schema作为权威源维护；为v1/v2接收版本和资源限制提供运行时类型校验，前后端不靠手写猜字段,保留权威Schema：不能笼统算作生成代码
contracts/ingestion/envelope.schema.json,d24bb659a25a0a8d1cfa8e71ef9f339d3e9e00200aa7f5e1f199f875048abd7a,contract-artifact,87,0,False,1758,先校验公共信封再逐记录返回错误的浅层结构,Schema作为权威源维护；为先校验公共信封再逐记录返回错误的浅层结构提供运行时类型校验，前后端不靠手写猜字段；浅信封与完整batch用途不同，允许逐条拒绝而不整批失败,保留权威Schema：不能笼统算作生成代码
contracts/ingestion/environment-page.schema.json,db0129fc66ed161c01a941ef7b2d68a6c74d875f25b40f25c11d7eb1ee398f2c,contract-artifact,50,0,False,1011,项目环境分页,Schema作为权威源维护；为项目环境分页提供运行时类型校验，前后端不靠手写猜字段,保留权威Schema：不能笼统算作生成代码
contracts/ingestion/environment-write.schema.json,c700bdc5f958331dd3f790c50f9e764c95e68a8079be79fa9bf2a6ebbfd88fd5,contract-artifact,16,0,False,326,新建/改名环境的名称请求,Schema作为权威源维护；为新建/改名环境的名称请求提供运行时类型校验，前后端不靠手写猜字段,保留权威Schema：不能笼统算作生成代码
contracts/ingestion/environment.schema.json,727efa9ae90a228f91713e03a7fc1d48d1daf80fd10039dee00ffe1c7ba8ea34,contract-artifact,21,0,False,402,项目环境ID与名称,Schema作为权威源维护；为项目环境ID与名称提供运行时类型校验，前后端不靠手写猜字段,保留权威Schema：不能笼统算作生成代码
contracts/ingestion/fixtures/http-batch.json,bbf49180880a5a0e09eb88c590b5b2edd24d83d6bcd0b5a98f21643b0aa3a8b6,contract-artifact,73,0,False,1911,该协议版本的合法HTTP采集样例,跨仓库联调用稳定样例验证，不用真实密钥/业务载荷,保留：旧样例不能覆盖改写
contracts/ingestion/legacy/v1/batch.schema.json,749c4d13d0de098e457e832385e6d314e2a14e745722457b01207e3b600641f4,contract-artifact,328,0,False,6985,旧v1冻结兼容：v2完整HTTP批次与结构payload,冻结旧队列原签名（包括旧service_key），避免升级后无法重试；不把旧行为迁移为新行为,兼容保留：不是第二套新功能；确认旧队列耗尽且退役后才能清理
contracts/ingestion/legacy/v1/behavior.md,31cbead6881e9cebb8c101eb092b820c65fdeb4785b654ad394426aedfd4e228,contract-artifact,29,0,False,8624,旧v1冻结兼容：该合同包无法仅靠Schema表达的行为规则,说明幂等/权限/兼容/状态解释，避免accepted被当成新接口,兼容保留：不是第二套新功能；确认旧队列耗尽且退役后才能清理
contracts/ingestion/legacy/v1/capabilities.schema.json,f9512576b342fc70ae87d3a5922609f80195ee1147327cc25d000633cacfd86b,contract-artifact,46,0,False,855,旧v1冻结兼容：v1/v2接收版本和资源限制,冻结旧队列原签名（包括旧service_key），避免升级后无法重试；不把旧行为迁移为新行为,兼容保留：不是第二套新功能；确认旧队列耗尽且退役后才能清理
contracts/ingestion/legacy/v1/envelope.schema.json,4ff0546baf12780024ae69e80cc71cba02fc049c4f7e648602c3669a0df782a9,contract-artifact,94,0,False,1922,旧v1冻结兼容：先校验公共信封再逐记录返回错误的浅层结构,冻结旧队列原签名（包括旧service_key），避免升级后无法重试；不把旧行为迁移为新行为,兼容保留：不是第二套新功能；确认旧队列耗尽且退役后才能清理
contracts/ingestion/legacy/v1/environment-page.schema.json,db0129fc66ed161c01a941ef7b2d68a6c74d875f25b40f25c11d7eb1ee398f2c,contract-artifact,50,0,False,1011,旧v1冻结兼容：项目环境分页,冻结旧队列原签名（包括旧service_key），避免升级后无法重试；不把旧行为迁移为新行为,兼容保留：不是第二套新功能；确认旧队列耗尽且退役后才能清理
contracts/ingestion/legacy/v1/environment-write.schema.json,c700bdc5f958331dd3f790c50f9e764c95e68a8079be79fa9bf2a6ebbfd88fd5,contract-artifact,16,0,False,326,旧v1冻结兼容：新建/改名环境的名称请求,冻结旧队列原签名（包括旧service_key），避免升级后无法重试；不把旧行为迁移为新行为,兼容保留：不是第二套新功能；确认旧队列耗尽且退役后才能清理
contracts/ingestion/legacy/v1/environment.schema.json,727efa9ae90a228f91713e03a7fc1d48d1daf80fd10039dee00ffe1c7ba8ea34,contract-artifact,21,0,False,402,旧v1冻结兼容：项目环境ID与名称,冻结旧队列原签名（包括旧service_key），避免升级后无法重试；不把旧行为迁移为新行为,兼容保留：不是第二套新功能；确认旧队列耗尽且退役后才能清理
contracts/ingestion/legacy/v1/fixtures/http-batch.json,a019f2b1132830b4be069f7ea48178bb3934789bbe5b0b8367d4cea9a45eec90,contract-artifact,74,0,False,1939,旧v1冻结兼容：该协议版本的合法HTTP采集样例,跨仓库联调用稳定样例验证，不用真实密钥/业务载荷,兼容保留：不是第二套新功能；确认旧队列耗尽且退役后才能清理
contracts/ingestion/legacy/v1/manifest.json,5c3a04e22202f7fcff91ff50db3357ddd2601a26aec612b892b57bbe34a72548,contract-artifact,21,0,False,1111,旧v1冻结兼容：该合同包的版本和文件SHA清单,让跨仓库同步能检测错版/漏同步/改内容不升版,兼容保留：不是第二套新功能；确认旧队列耗尽且退役后才能清理
contracts/ingestion/legacy/v1/receipt.schema.json,10d0b499a56b8f5c87d8c0de76250bdc558cd9eb07d26e9aa7f37416662c11ef,contract-artifact,113,0,False,2369,旧v1冻结兼容：v1/v2逐记录accepted/ignored/rejected收讫结果,冻结旧队列原签名（包括旧service_key），避免升级后无法重试；不把旧行为迁移为新行为,兼容保留：不是第二套新功能；确认旧队列耗尽且退役后才能清理
contracts/ingestion/legacy/v1/types.generated.ts,cfdb29071f63daf54c197859c4b13edf85d33bd761f2f3d1703b3db726e9649d,contract-artifact,11,0,False,2228,旧v1冻结兼容：该合同包的TypeScript类型,由Schema自动生成，插件/前端复制同版类型；静态类型不替代运行时校验,兼容保留：不是第二套新功能；确认旧队列耗尽且退役后才能清理
contracts/ingestion/manifest.json,63fa6b89a69f945254c0373b1bfc756a8c5eb277652bdb14c5c78206be166b52,contract-artifact,32,0,False,2283,该合同包的版本和文件SHA清单,让跨仓库同步能检测错版/漏同步/改内容不升版,保留：合同治理必要的机器清单
contracts/ingestion/receipt.schema.json,88457eb68e13148909a75d980a0a2e1e49d0031f1ebe18b8f20b8b96b6ca22fc,contract-artifact,113,0,False,2369,v1/v2逐记录accepted/ignored/rejected收讫结果,Schema作为权威源维护；为v1/v2逐记录accepted/ignored/rejected收讫结果提供运行时类型校验，前后端不靠手写猜字段,保留权威Schema：不能笼统算作生成代码
contracts/ingestion/types.generated.ts,9530b5abb9d7698b69c4b53b56445183c08a49d95fdde1112351393b15e525c9,contract-artifact,11,0,False,2210,该合同包的TypeScript类型,由Schema自动生成，插件/前端复制同版类型；静态类型不替代运行时校验,保留分发物：只改源合同后重生成
contracts/maintenance/activation.schema.json,6faaf6a0bbf5c99df16c5ba9e45e4a7c7c444b41b9c951fcda5d9d641e8b1354,contract-artifact,41,0,False,698,统一目录/语义发布回执与版本代次,从Rust DTO生成；为统一目录/语义发布回执与版本代次提供运行时类型校验，前后端不靠手写猜字段,保留合同分发物：生成Schema有重复定义，适合自动校验/折叠审查而非逐行人工维护
contracts/maintenance/behavior.md,e502cdb9f2164c803172cfc36c952b36eefd7fb411c7ac2d71bc2e79a502bb17,contract-artifact,17,0,False,4911,该合同包无法仅靠Schema表达的行为规则,说明幂等/权限/兼容/状态解释，避免accepted被当成新接口,保留：人工维护的协议语义
contracts/maintenance/candidate.schema.json,669efc97204876dc58279228dc97438e290f6dc863a57404bd10a467b331e1cd,contract-artifact,875,0,False,19295,目录与语义物化结果、变更计划和覆盖校验,从Rust DTO生成；为目录与语义物化结果、变更计划和覆盖校验提供运行时类型校验，前后端不靠手写猜字段,保留合同分发物：生成Schema有重复定义，适合自动校验/折叠审查而非逐行人工维护
contracts/maintenance/checkpoints.schema.json,480e2aeb70c5ae22b5c692bc02bc660095acebcaa4ff05c76c0ee5bb284dd41d,contract-artifact,166,0,False,3207,分阶段审阅/回读检查点分页,从Rust DTO生成；为分阶段审阅/回读检查点分页提供运行时类型校验，前后端不靠手写猜字段,保留合同分发物：生成Schema有重复定义，适合自动校验/折叠审查而非逐行人工维护
contracts/maintenance/interface-knowledge.schema.json,e5932bb27e975eae6796e48ebcfecf7b1561c4b17eca53820223407b4506449f,contract-artifact,338,0,False,6994,指定环境与修订的接口语义资料,从Rust DTO生成；为指定环境与修订的接口语义资料提供运行时类型校验，前后端不靠手写猜字段,保留合同分发物：生成Schema有重复定义，适合自动校验/折叠审查而非逐行人工维护
contracts/maintenance/manifest.json,60d19827ce5f1149c3c96746715768fc2bda545b3ba2b1dd03a0c08529c5537d,contract-artifact,20,0,False,1476,该合同包的版本和文件SHA清单,让跨仓库同步能检测错版/漏同步/改内容不升版,保留：合同治理必要的机器清单
contracts/maintenance/page.schema.json,1a365cd7ca767b279806ba5ec6583c997c5a5d26c5f2c3c889952293b0a92050,contract-artifact,155,0,False,3202,维护任务列表摘要分页,从Rust DTO生成；为维护任务列表摘要分页提供运行时类型校验，前后端不靠手写猜字段,保留合同分发物：生成Schema有重复定义，适合自动校验/折叠审查而非逐行人工维护
contracts/maintenance/plan.schema.json,037fe6818673c05e7336359c6e9ec680207c383763cc7e1966cd32aac70eef80,contract-artifact,626,0,False,13858,模型选择策略及各类变更动作,从Rust DTO生成；为模型选择策略及各类变更动作提供运行时类型校验，前后端不靠手写猜字段,保留合同分发物：生成Schema有重复定义，适合自动校验/折叠审查而非逐行人工维护
contracts/maintenance/publish.schema.json,2f55daa3ad3f09e77b63f37d02461d8aa93a3547c2b67f9143fea99d4a665fd3,contract-artifact,20,0,False,394,统一知识发布请求及期望代次,从Rust DTO生成；为统一知识发布请求及期望代次提供运行时类型校验，前后端不靠手写猜字段,保留合同分发物：生成Schema有重复定义，适合自动校验/折叠审查而非逐行人工维护
contracts/maintenance/reply.schema.json,76c1906c9569af77ff8b2b6b2519a9c3f4797b1fb3bd307d5b7bc5ac6ca1a750,contract-artifact,811,0,False,17528,模型分段审阅/汇总/回读/计划回复联合,从Rust DTO生成；为模型分段审阅/汇总/回读/计划回复联合提供运行时类型校验，前后端不靠手写猜字段,保留合同分发物：生成Schema有重复定义，适合自动校验/折叠审查而非逐行人工维护
contracts/maintenance/restore.schema.json,1991ccf9df27855d08a6787bcba7749f8a62b0106596342091ee37b029d78e00,contract-artifact,30,0,False,617,统一知识回退请求及显式目标,从Rust DTO生成；为统一知识回退请求及显式目标提供运行时类型校验，前后端不靠手写猜字段,保留合同分发物：生成Schema有重复定义，适合自动校验/折叠审查而非逐行人工维护
contracts/maintenance/run.schema.json,b510a00693b361f9ca70340ed60602db67da9b8c4408b4cb7620560e15461e8c,contract-artifact,960,0,False,20923,任务状态、进度、模型次数与候选,从Rust DTO生成；为任务状态、进度、模型次数与候选提供运行时类型校验，前后端不靠手写猜字段,保留合同分发物：生成Schema有重复定义，适合自动校验/折叠审查而非逐行人工维护
contracts/maintenance/snapshot.schema.json,ea43a45d309ed237bcd22baf1ea3f6697e96778e585b0d14ca534a987da6aa63,contract-artifact,777,0,False,16229,全量接口/字段/事实/目录/语义固定输入,从Rust DTO生成；为全量接口/字段/事实/目录/语义固定输入提供运行时类型校验，前后端不靠手写猜字段,保留合同分发物：生成Schema有重复定义，适合自动校验/折叠审查而非逐行人工维护
contracts/maintenance/start.schema.json,d1613937133f6782d99a9deb5f99ba33419ddce7d487b512a64e6d583056471d,contract-artifact,15,0,False,282,仅含幂等request_id的显式重构请求,从Rust DTO生成；为仅含幂等request_id的显式重构请求提供运行时类型校验，前后端不靠手写猜字段,保留合同分发物：生成Schema有重复定义，适合自动校验/折叠审查而非逐行人工维护
contracts/maintenance/types.generated.ts,f7266c46bee72eea001e0c857bcb8977152a3223dd96851c6793ffcd6bf46f91,contract-artifact,51,0,False,8624,该合同包的TypeScript类型,由Schema自动生成，插件/前端复制同版类型；静态类型不替代运行时校验,保留分发物：只改源合同后重生成
contracts/maintenance/versions.schema.json,1c75217a5f96bb3df42a414f4860568313bd1724f812469052aafc09c39e984e,contract-artifact,83,0,False,1534,统一知识版本历史,从Rust DTO生成；为统一知识版本历史提供运行时类型校验，前后端不靠手写猜字段,保留合同分发物：生成Schema有重复定义，适合自动校验/折叠审查而非逐行人工维护
crates/access/src/platform.rs,104de0b19326f20e6580cd2fbcc871c9fad7037fdf49e96e83a7ae7e60261e74,code,29,0,False,3783,增加项目环境管理的访问端口和分页类型,插件与平台需同一项目权限约束下读写环境,调整：环境存储当前挂在PlatformAccess，使认证端口变宽
crates/application/Cargo.toml,90e68af529de8d2491325bad3f69461f819755140a7878d13ab565e0a92a8e48,configuration,3,0,False,596,application包依赖/特性声明,编排维护阶段使用序列化、内容摘要及evidence端口；不接入实际禅道或LLM到核心crate,保留：依赖白名单检查可验证，但不能替代文件职责审查
crates/application/src/capture.rs,08a5403770d7ec7aeabd7502da9ccaaceecc176018b8040428d196c9fbe5d741,code,10,0,False,336,用一个trait组合采集收讫与证据读取存储端口,避免intake直接依赖evidence；基础设施可以实现同一对象,保留：10行是实际依赖边界，不值得再拆一个crate
crates/application/src/catalog_preview.rs,1e4e55a7d1771848c99408ade0ef43882380a8ff44ca2050f6f8f2b443a900ce,code,61,0,False,2057,旧目录快照生成、模型调用、结构检查的编排,早期可评估目录而不发布的入口,兼容保留：与新引擎有功能重叠，应冻结
crates/application/src/catalog_publication.rs,f7c1d38c38ecb642183de9dec8405f2c29a19d4a17d828193b5fb9f874495983,code,85,0,False,2579,旧目录发布与回退应用服务、期望版本检查,保证旧候选先检查再进入事务，不绕过目录保护,兼容保留：和统一发布共享不变量，不继续双份实现规则
crates/application/src/ingestion.rs,c63f047c54a41cfbe6e398a6765240b60b0cae4f00765822716c042387f96d7e,code,43,0,False,1378,串接项目鉴权、批次预处理和可靠接收存储,热路径只做必要判断，不触发LLM,保留：服务较薄但有真实编排价值
crates/application/src/lib.rs,61fdbcc8cb86fa6142afda9d49e59386e2ac01cba52f696eb151ab866dfd800b,code,19,0,False,535,导出采集、处理、目录发布、维护编排模块,对HTTP/基础设施只暴露应用层公共入口,保留：不应直接塞入实现
crates/application/src/maintenance.rs,c372c993ad3f714e981eba0fcd2a08bf778605f45cfef30e5c0786f08ffe1275,code,120,0,False,3643,定义租约/检查点/模型调用审计/统一发布/受控回读端口,让长任务、发布策略和外部存储可替换,保留并调整：120行多个端口可按生命周期组织，勿变成通用工作流框架
crates/application/src/maintenance_engine.rs,7e004cc61b58ee1e5352fc964bbc84290570baead7c180294efc8319283476ac,code,950,0,False,45829,逐段审阅、汇总、全局决策、回读、预算及失败恢复,用户明确要求全量覆盖且不静默抽样；单次LLM调用无法可靠完成所有阶段,需要收缩：950行同时处理分片和编排，拆预算/快照读取/执行阶段；模型成本收益尚未充分证明
crates/application/src/processing.rs,f497832e8ecdec5f7659892309ac09788f18ec2405548ef124b34ad9ed196849,code,31,0,False,1033,领取并完成一条观测处理,把可靠收讫与正式接口建档分开,保留：31行薄编排，避免HTTP承担后台任务
crates/contracts/Cargo.toml,f4d41f46c3806aa8e13b778e26e1713d78d18eff421b369529e4079b2ca3e722,configuration,0,2,False,337,contracts包依赖/特性声明,让目录/维护公共合同能被Schema生成示例和跨crate调用；不接入实际禅道或LLM到核心crate,保留：依赖白名单检查可验证，但不能替代文件职责审查
crates/contracts/examples/capture_schema.rs,384a4ebfede8f9e7c7785a235e96c07654c44ffaca8fe303df5a7f012b19c8f3,scripts,11,0,False,984,导出Rust采集DTO的Schema集合,供capture_contract脚本使用，不是生产bin,保留：开发/交付工具，不计入运行时业务
crates/contracts/examples/catalog_preview_schema.rs,b5e1c408d001c45dfe10ff2806d08b94a2925cfc19b1f889cee159a50b1d53b3,scripts,25,0,False,1233,导出Rust目录DTO的Schema集合,旧合同也要与Rust类型一致,保留：开发/交付工具，不计入运行时业务
crates/contracts/examples/maintenance_schema.rs,d48313026888636b06f99441d9ce72fec63b2d29b75bcde3063715512286d7ef,scripts,9,0,False,963,导出Rust维护DTO的Schema集合,约束模型输出与前端类型来源,保留：开发/交付工具，不计入运行时业务
crates/contracts/src/capture.rs,94e712cbf778ab948c8728f677231344c93935e3a7772f3e34d4f3eb8efe81f5,code,260,0,False,7626,持续采集上下文、记录种类、字段引用、证据与收讫类型,HTTP与未来页面/图片扩展共用稳定信封，结构与证据分开返回,保留：合同必要，但浏览器原生ID不能直接假设等同此UUID
crates/contracts/src/catalog_preview.rs,c16587c306ac17632fee8d4a813c4ec32ca1dd9fb8ed8be36e51bd262a947ea8,code,195,0,False,6745,旧快照、候选树、归属、展示合并组、任务与评估类型,保存历史候选及前端预览，合并展示不修改原始接口,兼容保留：防止与统一维护重复定义同一目录结构
crates/contracts/src/environment.rs,efc4fb6292d2fbeccbfe3f7d1eec01e895704f7d76a3c11a130226089f6a606f,code,39,0,False,1206,按ID/名称指定环境、环境实体与名称检查,满足插件选择已有环境或临时创建，禁止从domain猜环境,保留：和请求体稳定性直接相关
crates/contracts/src/ids.rs,18d81fc01c2f715077eef77865cb471be448bf1ac5f01be7284d5293734bf2cd,code,1,0,False,1507,增加EnvironmentId强类型,避免将环境ID与项目/接口ID混用，接口ID仍独立于目录,保留：与业务规则直接对应
crates/contracts/src/lib.rs,c1bf73ef78e91781d0837279e63386e819a644a9c75b4bcc06d68288c48579ce,code,21,0,False,605,注册跨模块环境/目录/证据/维护合同及共享比较工具,使核心模块通过公共数据结构通信,调整：公共合同已夹带算法，不能继续把所有共享逻辑都堆入contracts
crates/contracts/src/maintenance.rs,e9e3607d136c83c3d01119b0e1b4652d965884fc83ae662d45a73648415bb114,code,372,0,False,10984,语义目标、关系/枚举/描述动作、快照、审阅、候选、发布和历史类型,语义修改可追溯可回退，不能只存一段LLM中文说明,保留并审查：动作模型较宽，应以真实使用证明每种动作；自由JSON元数据需更清楚约束
crates/contracts/src/observed_comparison.rs,c979ed71f612a1037f346c04e40865443450f1ee2861368b2c15685dd62cf03d,code,109,0,False,4288,空数组/null等不足证据的方向性结构覆盖比较,同一判断被接收和后台定义处理使用，不能各自判成删除,调整归属：规则必要，放contracts是为避免核心相互依赖，但它是算法不是纯合同
crates/contracts/src/official_catalog.rs,60e41f9e7e74f1d5cf48f72cde904e840e55044d7aec5a0569387293b449bd29,code,127,0,False,4149,正式目录、固定待分类、版本和并发发布回执类型,发布/回退需要明确目标与期望代次，恢复空初始版也必须显式指定,保留：防止缺字段被当成清空目录
crates/contracts/src/path_identity.rs,de540bd7fb945491713103c5e280dd1cedb53c905ed962ecea4c86d16e9907b4,code,162,0,False,5462,路径数字/UUID/32或64hex参数化及项目例外策略,第一次采集即识别高置信动态段，保留原路径与保守例外,调整归属：算法应有独立纯规则边界；普通数字误判仍需项目例外，不能宣称无误
crates/evidence/Cargo.toml,8d4b93ecb8bf4a8c221c4b48695fdbba0d430db251786fb83d7a164a644d0421,configuration,18,0,False,390,evidence包依赖/特性声明,独立纯提取crate所需contracts、serde、URL/编码工具；不接入实际禅道或LLM到核心crate,保留：依赖白名单检查可验证，但不能替代文件职责审查
crates/evidence/src/extraction.rs,f6334552fe9cd6be9854f313072991a689e0885004aac7a7888359f4ed46fb63,code,398,0,False,13862,提取字段值、字典/控件选项、类型转换与省略行为,纯机械处理不调用模型；保留值类型、数组通配字段与样例位置,保留：这是新增evidence crate的主要价值，关联规则应更多移入这里
crates/evidence/src/lib.rs,e56d9fbc926dd9c6d1d74049f9f6fdeb94dcdca52bdcbdfb58b5ccc33177beae,code,57,0,False,1841,暴露纯提取接口、BlobStore及证据存储端口,文件卷未来可换对象存储，提取不能直接调用SQL,保留：接口和实现依赖方向可检查
crates/infrastructure/Cargo.toml,f7ca68614ec00c677cd6d7941dd7ad6a30e6d547ef8802c6cd3c06596d455d35,configuration,2,0,False,928,infrastructure包依赖/特性声明,数据库之外新增文件编码/模型HTTP/证据适配；不接入实际禅道或LLM到核心crate,保留：依赖白名单检查可验证，但不能替代文件职责审查
crates/infrastructure/src/admission.rs,45cbcd07ab475bd26968fc07832bfebbe5952cb73eae98e327952a17ba24dac4,code,248,0,False,12641,v1/v2事务接收、幂等回执、同结构快速忽略及入箱,旧队列重试必须稳定；先可靠落库再返回,兼容保留并复用：与capture_store存在头记录/幂等重复实现，抽小型共享事务辅助
crates/infrastructure/src/blob_store.rs,80a6fa2f1db01164ef6ea930789d15713a0e2abd505d10f90373a0153a8baa47,code,184,0,False,6525,项目隔离内容寻址文件存取、原子写、读取校验,图片/原文不把大二进制塞进批次；持久卷可替换,保留：真实外部存储边界，内容去重与权限仍由上层配合
crates/infrastructure/src/capture_store.rs,89781320bd055b5a9aa4984512ed2b798824dc3e1658e1654496b4e0e0f58756,code,503,0,False,24782,v3收讫事务、结构与证据分流、背压、原文和资产索引读取,重复结构的新证据不能被丢；回执表示已可靠接收,需要收缩：503行覆盖收讫与多种查询，应按事务写入/资产/证据读拆开
crates/infrastructure/src/catalog_model.rs,694e84adb987d65c30f537024dfbb72a0c3b2c2213b36afa2895e5f8150ad11d,code,138,0,False,5050,旧单轮目录模型HTTP适配及输出解析,早期目录预览复用用户配置的模型,兼容保留：和maintenance_model共存有迁移原因，不是两套长期模型平台
crates/infrastructure/src/catalog_preview.rs,b206b3bf62682ca10e8fc04c6e17cbe7b3226a0f81312a7f35feb8f006602269,code,280,0,False,14565,旧候选快照/租约/状态存储与鉴权读取,历史快照需要不可变和可审阅，失败不能伪造成功,兼容保留：新任务统一走maintenance_store
crates/infrastructure/src/documents.rs,2a99600b75e443a6fce032ea65b20acc990e8d8f2e428f4007722a83fb83d492,code,247,0,False,17762,后台建档/修订/差异记录、领取重试与文档查询,将已接收观测转为环境最新定义，差异保持待确认,保留并分层：读查询与处理事务当前混在同一实现，可分文件但无需新crate
crates/infrastructure/src/environments.rs,d7c9884ed24b98bc075d814d67ea2683d2c390971fcdd7006ffa32c297b6a277,code,110,0,False,4192,事务内按名称解析/自动建环境、并发重名处理与改名,平台管理与外部上传必须用同一个环境解析规则,保留：避免插件和后端创建两个同名环境
crates/infrastructure/src/evidence_processing.rs,e489d38ca94c1ff7b6eb5053475e4a0e0f4fffc4e58e24cb77422857e9f58efd,code,585,0,False,35423,任务领取、值索引、关系/UI关联、支持样例、反例和去重落库,把120秒同上下文的关联移到后台，重试不刷支持次数,需要收缩：585行把关联判断和SQL交织；纯规则移回evidence，数据库只提供有界候选
crates/infrastructure/src/evidence_retention.rs,85367483c49eba546cfa7c8e785b7b6a7ae62fe2b477460b0f4c309205eeae44,code,53,0,False,4158,24小时临时原文回收，工作样例/候选pin保护与孤立blob清理,用户要求控制持续录制占用，同时保留可追溯证据,保留但待规模验证：当前一次事务按项目加锁，需验证大数据下的清理批量和锁时长
crates/infrastructure/src/knowledge_publication.rs,50ec68912f1006191f26a41a2c245dbcff3b14da276ec2819637be477620a310,code,297,0,False,14113,目录与语义原子发布、统一回退、旧目录操作保留语义,不能出现目录切换而描述没切换，也不能回退删除新观测,保留并去重：与official_catalog共享权限/版本/回执工具，不改变两种操作语义
crates/infrastructure/src/lib.rs,3a11a24c548ae10e79cd41de5bd020a0944a5d7e6b36fe79c21dbdfdec9068c0,code,35,0,False,1077,注册数据库、模型和文件存储适配实现,由装配层注入具体实现，核心模块无需依赖SDK,保留：逐步收紧pub导出，避免把内部辅助函数暴露出去
crates/infrastructure/src/maintenance_model.rs,bfd4b9e69c2230bb4e5c02e07653536409d0e92fc6f2505de3ac30a225eadd8e,code,220,0,False,9512,按阶段构造受约束模型输入、协议schema与HTTP调用,保存发给provider的精确JSON；模型只能产候选，无发布能力,保留并改进：字节预算是保守估算，不是真token成本；图片能力不能默认算已读
crates/infrastructure/src/maintenance_store.rs,98afe04e5f67de06caba581850c75ee32e8fa7a6fc5711370df576dee1f9d213,code,516,0,False,24620,固定知识快照、任务幂等/租约/检查点/调用记录/受控原文读取,持续录制期间任务必须有固定输入，旧执行不能覆盖新执行,需要收缩：516行跨快照和执行存储，分文件并明确一致性/读取清单测试
crates/infrastructure/src/official_catalog.rs,d1db4643a3268bb0365a6f9eddafc49e908dc9158341c2836fe6a39cce4813b6,code,417,0,False,17245,正式目录/版本读取、旧发布回退、固定待分类和新接口兜底,旧快照发布或回退不能丢掉快照后新接口,兼容保留并复用：读取继续需要，旧发布路径应复用新底层不变量
crates/infrastructure/src/path_policy.rs,d884de42442e537d72e428bb56ff3aabb57984a99b2b390bf54a71b7faa0159d,code,47,0,False,1698,持久化每项目路径参数化开关和静态前缀例外,数字段并非总是ID，需可修正规则而不改历史回执,保留：小型适配，不扩展为通用规则引擎
crates/infrastructure/src/platform_store.rs,76af19a2d9704a7c1f44119693af2dbcd2c538f1946cfae1cefe28d0ebd520c2,code,91,0,False,16210,实现环境增查改及与权限一致的事务锁,同名环境自动创建必须处理并发，并在项目权限内完成,调整：与登录/项目同步同文件，后续应聚合为独立环境存储适配
crates/intake/Cargo.toml,ff260bf155e48d6541c6d3be09736ed9b13d3c6f5cdb8ce1ae7fc758f1df5a71,configuration,5,0,False,432,intake包依赖/特性声明,结构指纹、URL解析和原始载荷解码；不接入实际禅道或LLM到核心crate,保留：依赖白名单检查可验证，但不能替代文件职责审查
crates/intake/src/batch.rs,2cf9791a4c366dc9da0e75210ee757c22b6532fdddb0aedd0cdf0e05aac957cd,code,121,0,False,3817,v1/v2与v3批次、预处理记录、收讫回执和存储端口,先定义外部可用签名，再让数据库实现它,保留：接口面较宽需保持版本隔离，旧载荷不可重写
crates/intake/src/http_exchange.rs,fa22856edb4658afa535e7d0f738b730c3c5b9b0e1822ce7e5cfe61c4a48b73b,code,361,0,False,14368,请求/响应结构投影、指纹、值无关比较、路径策略及v3准备,频繁XHR要快速忽略同结构，空/截断不能伪证字段删除,保留：性能与正确性核心；本轮证据持久化开销应另算，不能被指纹优化掩盖
crates/intake/src/lib.rs,838639bbe1f4db86e3e75121c4bbbf82836ac07c828aaba1ec38aca9d68aa9fc,code,7,0,False,321,导出批次合同、HTTP结构识别与v3准备函数,接收热路径与后台处理分离,保留：不能引入模型或触发器实现
crates/intake/src/models.rs,b7cd04106b3fb7461a9c47e437084af551dbed9f31648e8600f5289abe890954,code,1,0,False,1431,结构身份类型增加可序列化支持,接口身份需要稳定地用于指纹/传输准备,保留：小幅数据类型适配
crates/knowledge/Cargo.toml,c53caed7f722958d982a039fa5066e2520728e76c9990231249b19864feb9edb,configuration,4,0,False,421,knowledge包依赖/特性声明,原始观测结构提取和目录DTO；不接入实际禅道或LLM到核心crate,保留：依赖白名单检查可验证，但不能替代文件职责审查
crates/knowledge/src/catalog_preview.rs,ae4227975f6bf3ee760c80d1d0ae50e7dc90b270360daea5038b3731a4216494,code,39,0,False,1485,旧候选创建/读取/领取/完成存储端口,隔离目录生成与数据库，便于替换生成器,兼容保留：39行边界，不新增平行能力
crates/knowledge/src/lib.rs,9a268e388f86f0bf7555c203f0fc0b80a2ecb76117f657fd38859d9ae7fa530f,code,6,0,False,234,导出观测定义、文档读取、旧候选存储端口,正式接口与候选结构有明确读取边界,保留：仅公共入口
crates/knowledge/src/observed.rs,b6eac9c92b0343d5b1eb9b34b49ba5ed416a95873031f21d4998735e9a79ef14,code,415,0,False,15007,从原始观测提取字段类型、完整性和环境定义，定义文档读写端口,保留观测的事实与不足，不能由空items删除已知数组结构,保留并去重：与intake结构投影相邻规则需共享一致性测试
crates/knowledge/src/ports.rs,b783b751b27b8ee4ae978d1ebc784ab1c94f5e52bca76a80615a204cab61b120,code,25,0,False,1356,增加正式目录、目录内接口与历史版本读取端口,前端读取正式结果不能直接读取候选或访问SQL,保留：接口职责明确
crates/rebuild/Cargo.toml,656d984612a18dbfe749230f4eb1076e0e592db88562249040591c212febfc76,configuration,2,0,False,406,rebuild包依赖/特性声明,候选JSON处理与字段稳定引用摘要；不接入实际禅道或LLM到核心crate,保留：依赖白名单检查可验证，但不能替代文件职责审查
crates/rebuild/src/lib.rs,81f60401f2f47b7c9c4356e560aa8987b216ff79382d9f89218c1de04a8fb987,code,8,0,False,1530,注册目录预览与统一维护的规则/模型端口,重构规则可替换，模型实现仍在infrastructure,保留：旧预览仅兼容，不继续双轨加功能
crates/rebuild/src/maintenance.rs,4fc450c6f244fb1d310554881ee502816f036251d2e639ef4b1ff4a225bf7503,code,1475,0,False,59394,枚举字段、划分阅读单元、覆盖校验、语义动作验证/物化、回读需求和证据提示,保证模型确实覆盖全部字段、不跨项目、不改固定待分类、不把少量值当闭集,需要收缩：1475行含356行测试，剩余1119行仍混合多个职责；规则必要不等于单文件合理
crates/rebuild/src/maintenance_model.rs,a8431161f0318a3eb6d41d10328d3eb910d2346dd2f6bb1ccea9a716842e9cb1,code,10,0,False,423,定义prepare/invoke模型端口,把请求构造与实际调用分开，使应用能在发送前审计,保留：10行端口符合可替换要求，无需额外抽象层
crates/rebuild/src/preview.rs,1c3a872d82de14e42afff2611cd6f2b31fb857a4e5b62e6ac9387cf29cb33e76,code,354,0,False,14747,校验目录图、归属覆盖、固定规则及展示合并组,LLM候选必须机械检查，不能把业务分类的“结构有效”说成正确,保留：新维护也复用目录校验，应保留一份规则
deploy/.env.example,d27e32482b3f3a446dc38d1264c720ff333ebb22aea6fbbf32fd7768d1792b58,configuration,20,0,False,1839,列出采集卷、模型预算/密钥路径和下载发行源可配置项,部署不能依赖开发机隐式配置；示例不放真实秘密,保留：下载项独立需求；超时/调用数只是上限而非体验承诺
deploy/Dockerfile,31300d39dc08f09d4d40b28b3c14e105805c507321ede7eea515d896fdf730a5,configuration,6,2,False,1113,补齐evidence crate构建以及持久卷运行所需目录,workspace构建需包含新crate；API/worker使用相同镜像,保留：未额外引入服务
deploy/compose.catalog-model.yaml,067354e6873faa771ded6cb5cb4890cbde91129b8eb70652a2a7f64773ece2a8,configuration,30,0,False,1594,单独注入模型配置和只读密钥文件挂载,不强迫基础服务依赖模型密钥；可显式组合启用,保留：密钥留在本地，不写入Git
deploy/compose.yaml,01f8b040132a6eb56104c2d459dd5dd6e6706158282e25bf2eb1b10672ea1575,configuration,33,0,False,3604,共享blob卷、初始化所有权、采集开关及下载变量透传,API写入资产后worker须可读，用户UID下重启仍可用,保留：storage-init不是业务微服务；运行实例需另行验证
docs/architecture/0002-modular-backend.md,825d5ffd166f6dff8e5d23dff1c365b2bbb85b65a05d447416cd6a4c9ea24154,documentation,22,0,False,35833,更新证据与统一维护边界和依赖方向,架构文档需与当前实现一致,保留并纠偏：要明示infrastructure里尚存业务编排，不宣称已完全解耦
docs/architecture/diagrams/nexofolio-backend/README.md,c3fe4ed9b75f48ebb423959134fa34519c57756977261120f967754077c226f5,documentation,77,0,False,5894,架构图使用和更新方法,可选可视化的操作说明,可选保留图源/生成方法：独立文档交付，不以业务必要性辩护
docs/architecture/diagrams/nexofolio-backend/backend.architecture.json,0c466f9c275c61c933bc9a805f61d19fdc42848395b9dfd4f06a80b1bfbf85ca,documentation,256,0,False,5149,架构图组件/连线/布局源数据,维护图源，避免人工修改生成HTML,可选保留图源/生成方法：独立文档交付，不以业务必要性辩护
docs/architecture/diagrams/nexofolio-backend/backend.html,671ea08e38c30b84f99513b9313922b8d67e8bbc110189d7c5d8327c614aa97f,documentation,14993,0,False,809809,Archify生成的独立交互架构图及内嵌渲染/导出运行库,离线打开可交互；14993行属于图工具输出，不被Rust服务加载,建议移出主代码审查：作为文档附件/发布产物归档；不是后端运行必要文件
docs/architecture/diagrams/nexofolio-backend/backend.visual-check.1440x900.dark.png,5f4f9af3774eb959efebae195935ff8eeb6dd548daace44a54e14792f8cbbbe1,documentation,0,0,True,121121,架构图在1440x900.dark的截图,人工核对该视口/主题；二进制不计文本新增,建议移出主代码审查：作为文档附件/发布产物归档；不是后端运行必要文件
docs/architecture/diagrams/nexofolio-backend/backend.visual-check.1440x900.light.png,40a129c174078399e4c88353c0d3c09de93b4583f188328c5c802754f0a7d2b0,documentation,0,0,True,118789,架构图在1440x900.light的截图,人工核对该视口/主题；二进制不计文本新增,建议移出主代码审查：作为文档附件/发布产物归档；不是后端运行必要文件
docs/architecture/diagrams/nexofolio-backend/backend.visual-check.2048x1320.dark.png,01d3786c41dd8f804701cc2a90e0232c734b414e005ae0cf1a0f2eaf388d0db0,documentation,0,0,True,163320,架构图在2048x1320.dark的截图,人工核对该视口/主题；二进制不计文本新增,建议移出主代码审查：作为文档附件/发布产物归档；不是后端运行必要文件
docs/architecture/diagrams/nexofolio-backend/backend.visual-check.2048x1320.light.png,4557c92fba650a5e96ba254f463ff0f04497fa79bb1a61afba943e343b07af63,documentation,0,0,True,161069,架构图在2048x1320.light的截图,人工核对该视口/主题；二进制不计文本新增,建议移出主代码审查：作为文档附件/发布产物归档；不是后端运行必要文件
docs/architecture/diagrams/nexofolio-backend/backend.visual-check.html,c833e9c5aa6c972b32669f9c07aee5f9884c02239e512cc4877b497f7fb21763,documentation,32,0,False,1886,可视化检查结果查看页,只用于架构图交付检查,建议移出主代码审查：作为文档附件/发布产物归档；不是后端运行必要文件
docs/architecture/diagrams/nexofolio-backend/backend.visual-check.json,aecc489a5065210a94c859507551dacb5694fa8d386a75f211a4cb608472775c,documentation,548,0,False,17387,架构图多视口/主题检查数据,证明图的布局检查，不证明业务功能,建议移出主代码审查：作为文档附件/发布产物归档；不是后端运行必要文件
docs/architecture/diagrams/nexofolio-backend/delivery.receipt.json,4703100d8f67e8e9dd4565897ed8d59290fec1774d7cf6e04c26b741d5404c30,documentation,24,0,False,767,图交付文件哈希与尺寸回执,追踪图源/生成物的一致性,建议移出主代码审查：作为文档附件/发布产物归档；不是后端运行必要文件
docs/architecture/diagrams/nexofolio-backend/review.md,15c77becb36772ed1987172f5b3d9355a3cc214a9c5d1dd9046a099a7a86f53e,documentation,31,0,False,1823,图的人工复核范围,区分视觉质量与架构事实,建议移出主代码审查：作为文档附件/发布产物归档；不是后端运行必要文件
docs/architecture/diagrams/nexofolio-backend/sources.json,b8c6d7fc7193f008ea6e3ba1d85f320b64ac3349b4fea78b02f9772928fa2828,documentation,152,0,False,5400,生成图时依据的源码路径与哈希,图对某一工作区快照负责，不代表现在运行服务,可选保留图源/生成方法：独立文档交付，不以业务必要性辩护
docs/architecture/diagrams/nexofolio-backend/update.mjs,a25c24d82086c3566a2120cf2bfad45f338d6d346c65659f99082a9cfb445e13,documentation,55,0,False,2341,调用Archify校验/生成/检查的更新入口,重复生成图而不手动修巨大HTML,可选保留图源/生成方法：独立文档交付，不以业务必要性辩护
docs/architecture/diagrams/nexofolio-backend/validation.receipt.json,2bf7d0877216d6896f5eb450a99ed9b58a7509fcd0ccc29ff599186109e9095c,documentation,91,0,False,1950,图结构验证回执,仅架构图结构检查证据,建议移出主代码审查：作为文档附件/发布产物归档；不是后端运行必要文件
docs/contracts/0003-ingestion-contract-governance.md,8a4d028b82d727768a630fe47ca2722ded1f7c061ec1e15b0d1f8d93f76c9d5d,documentation,132,0,False,12699,规定Schema/TS/manifest/行为样例和升版流程,用户明确要求改A能发现其他模块受影响,保留：行为文档不是自动生成代码，需与真实实现一致
docs/contracts/0004-ingestion-and-environments.md,8804c1e8b8c4ca3d8f54b805cd5f80ac036c8917ea0108fdc570076afa3038c1,documentation,102,0,False,8630,接收签名、回执和环境增查改说明,插件与其他来源应使用公开稳定合同,保留：行为文档不是自动生成代码，需与真实实现一致
docs/contracts/0005-observed-interface-documents.md,d5fa9229fe4069c7e4bdcb7d9bcc08d423d298fb3ae2988b8e94da5152c5d0e7,documentation,64,0,False,5440,观测定义/不足信息/差异及查询语义,避免把观测当已确认最终接口合同,保留：行为文档不是自动生成代码，需与真实实现一致
docs/contracts/0006-catalog-preview.md,759cd918329c3276c0f0931937380508472c628ee4c768d112c2443c85ec5817,documentation,92,0,False,8123,旧目录候选、结构检查和模型约束,保留历史预览使用方式和兼容语义,保留：行为文档不是自动生成代码，需与真实实现一致
docs/contracts/0007-path-identification.md,5c7be4b4f95ea5e0009fe6e8073fef32488343fce612f361d72bff0d7cf66c66,documentation,20,0,False,1995,路径模板规则和例外,解释数字/hex模板化的适用范围与保留原文,保留：行为文档不是自动生成代码，需与真实实现一致
docs/contracts/0008-official-catalog.md,beb3713743b307d3db7299b96ccd3b7430db2453d8ce8e9fdbbcda0e8c4df133,documentation,21,0,False,2874,正式目录/固定待分类/发布回退规则,发布不应删除快照后接口,保留：行为文档不是自动生成代码，需与真实实现一致
docs/contracts/0009-continuous-knowledge-maintenance.md,c60e8fc0a26efc049aedb1fbde42dd455c21e6e6e10c8458dbbb89357a8a1c29,documentation,54,0,False,6053,持续证据、全量审阅、统一知识发布的当前合同,连接插件录制与字段知识维护的实际行为,保留：行为文档不是自动生成代码，需与真实实现一致
docs/contracts/0010-downloads.md,08d125798c581fb1ad6a1e0f0cb56fd3d07263431d151780998a99a6a54af5df,documentation,101,0,False,6205,下载聚合API响应和失败状态,另外下载任务，不能混作持续录制需求,保留：行为文档不是自动生成代码，需与真实实现一致
docs/plans/0002-evidence-maintenance-implementation.md,4fa8c09eac642f5f05fdc66da1122c46a4cc95ff69d314bd06ef48bb14a9baed,documentation,18,0,False,1271,本轮阶段检查单及真实Chrome未验收标记,记录已实现与还未验证的界限,保留但纠正完成措辞：浏览器关键链路失败时不能笼统说验收完成
docs/verification/2026-09-14-directional-array-comparison.json,68613801c01d71e8f56a2de32b36d9d216777b71b78eab11934be0701a2c0e85,documentation,48,0,False,1348,空数组与已有元素结构的方向性比较的机器可读结果,让测试结论有范围/数据来源，而不是只口头说通过,建议整理：成对JSON/MD可留摘要+结果链接，历史试验可归档；均非生产运行依赖
docs/verification/2026-09-14-directional-array-comparison.md,5a73fb0e1530f388d0bfdcda48e07e3b46f0e29767063ea459e9ce7d51eae53c,documentation,19,0,False,1829,空数组与已有元素结构的方向性比较的人工阅读说明,让测试结论有范围/数据来源，而不是只口头说通过,建议整理：成对JSON/MD可留摘要+结果链接，历史试验可归档；均非生产运行依赖
docs/verification/2026-09-14-document-quality-audit.json,3a57faad93c5440e674bfdf614149b31fc36fbd2f4a4c5dc245f00a2fc0b1b50,documentation,73,0,False,2837,观测定义质量及不充分样本的机器可读结果,让测试结论有范围/数据来源，而不是只口头说通过,建议整理：成对JSON/MD可留摘要+结果链接，历史试验可归档；均非生产运行依赖
docs/verification/2026-09-14-document-quality-audit.md,2eb78bbed5a9fb61a442ae65aa8c0ad05e6bad6852aa90ebc91d5d4a14013a19,documentation,14,0,False,1241,观测定义质量及不充分样本的人工阅读说明,让测试结论有范围/数据来源，而不是只口头说通过,建议整理：成对JSON/MD可留摘要+结果链接，历史试验可归档；均非生产运行依赖
docs/verification/2026-09-14-ingestion-environments.md,0d79d1f2ecba0690f57cf484ffa76fd87f875e63005b4901260883a6aa60ee2c,documentation,60,0,False,5245,接收与环境管理的人工阅读说明,让测试结论有范围/数据来源，而不是只口头说通过,建议整理：成对JSON/MD可留摘要+结果链接，历史试验可归档；均非生产运行依赖
docs/verification/2026-09-14-observed-documents.json,7f99228fef7e4b3bec4ecc7883aa67278000da086f87a79474ff4bbf74749490,documentation,41,0,False,1296,观测建档及环境文档读取的机器可读结果,让测试结论有范围/数据来源，而不是只口头说通过,建议整理：成对JSON/MD可留摘要+结果链接，历史试验可归档；均非生产运行依赖
docs/verification/2026-09-14-observed-documents.md,a934a7cc4a4f6a40fcaa40dd6866a8b4b051315d701ba5464cb64f331a2934e9,documentation,44,0,False,3335,观测建档及环境文档读取的人工阅读说明,让测试结论有范围/数据来源，而不是只口头说通过,建议整理：成对JSON/MD可留摘要+结果链接，历史试验可归档；均非生产运行依赖
docs/verification/2026-09-14-project-environment-scope.md,9c3c6232284456f19144aa8f3d05d4036aaf41aa781d58f2013755de5438a253,documentation,33,0,False,2608,取消服务标识后的项目/环境去重范围的人工阅读说明,让测试结论有范围/数据来源，而不是只口头说通过,建议整理：成对JSON/MD可留摘要+结果链接，历史试验可归档；均非生产运行依赖
docs/verification/2026-09-15-catalog-preview-http.json,94b9350f7dfb1f7836b92b5c92105917de4a668dda758ae3bc08f27e491cb59c,documentation,31,0,False,1113,旧候选HTTP读取权限和响应的机器可读结果,让测试结论有范围/数据来源，而不是只口头说通过,建议整理：成对JSON/MD可留摘要+结果链接，历史试验可归档；均非生产运行依赖
docs/verification/2026-09-15-catalog-preview-http.md,5f2226d7053fe300f727f2083dc3b92f68f4148126b7241d59c0d5e0a5da6b0c,documentation,14,0,False,1225,旧候选HTTP读取权限和响应的人工阅读说明,让测试结论有范围/数据来源，而不是只口头说通过,建议整理：成对JSON/MD可留摘要+结果链接，历史试验可归档；均非生产运行依赖
docs/verification/2026-09-15-catalog-preview-model.json,2c91785a8166bc9dbbb83cf7b2593ef4317f6b75c87e1aaac511fd4ea77062f1,documentation,99,0,False,2505,旧候选真实模型试验的机器可读结果,让测试结论有范围/数据来源，而不是只口头说通过,建议整理：成对JSON/MD可留摘要+结果链接，历史试验可归档；均非生产运行依赖
docs/verification/2026-09-15-catalog-preview-model.md,f35b3dc08bc8f2fe647587830e7bad55d7a3f11d6c139d72f263c5e5e039188a,documentation,28,0,False,1606,旧候选真实模型试验的人工阅读说明,让测试结论有范围/数据来源，而不是只口头说通过,建议整理：成对JSON/MD可留摘要+结果链接，历史试验可归档；均非生产运行依赖
docs/verification/2026-09-15-catalog-preview.json,77600a17514c1e71e32d56bf6bb90339624be28efe3f9da8e2e02017cbb11642,documentation,43,0,False,1375,旧目录候选机械校验的机器可读结果,让测试结论有范围/数据来源，而不是只口头说通过,建议整理：成对JSON/MD可留摘要+结果链接，历史试验可归档；均非生产运行依赖
docs/verification/2026-09-15-catalog-preview.md,375320216313ac052a9d0a4d7212998a9ac3bd2586e1b927b1c0c9464dbf9802,documentation,18,0,False,1836,旧目录候选机械校验的人工阅读说明,让测试结论有范围/数据来源，而不是只口头说通过,建议整理：成对JSON/MD可留摘要+结果链接，历史试验可归档；均非生产运行依赖
docs/verification/2026-09-15-continuous-maintenance.json,40377a637f05a43a9a8e19009fc0cd819782247dc4ea12ed6a23218e1b6fd625,documentation,92,0,False,2633,持续证据与统一维护端到端试验的机器可读结果,让测试结论有范围/数据来源，而不是只口头说通过,建议整理：成对JSON/MD可留摘要+结果链接，历史试验可归档；均非生产运行依赖
docs/verification/2026-09-15-continuous-maintenance.md,7db1dc80d442d22b3bc93068225babbd9dbcde6d13077e7a6359cd0d88b531b7,documentation,65,0,False,5790,持续证据与统一维护端到端试验的人工阅读说明,让测试结论有范围/数据来源，而不是只口头说通过,建议整理：成对JSON/MD可留摘要+结果链接，历史试验可归档；均非生产运行依赖
docs/verification/2026-09-15-downloads-http.json,5e969c6bd5f13403e6015062ad25c2b25ef33aa307d096316f6734e954b59197,documentation,167,0,False,5976,下载接口真实HTTP与发行源检查的机器可读结果,让测试结论有范围/数据来源，而不是只口头说通过,建议整理：成对JSON/MD可留摘要+结果链接，历史试验可归档；均非生产运行依赖
docs/verification/2026-09-15-downloads.md,e0fd48bb6dece66ae790165d44dc78a633d0a10ce0063358599960a468919ed1,documentation,74,0,False,5063,独立下载任务验证与未部署状态的人工阅读说明,让测试结论有范围/数据来源，而不是只口头说通过,建议整理：成对JSON/MD可留摘要+结果链接，历史试验可归档；均非生产运行依赖
docs/verification/2026-09-15-observation-replay.json,07ed60847dc958f7e400c93e2c8b6be443bd6f5844bea91d5fb053e222a172d6,documentation,23,0,False,529,观测重放的机器可读结果,让测试结论有范围/数据来源，而不是只口头说通过,建议整理：成对JSON/MD可留摘要+结果链接，历史试验可归档；均非生产运行依赖
docs/verification/2026-09-15-observation-replay.md,aeff88dc97e7d5df58fc820ee98a2e2ec990f3664980d59e8d6b061ffd876ec4,documentation,9,0,False,1494,观测重放的人工阅读说明,让测试结论有范围/数据来源，而不是只口头说通过,建议整理：成对JSON/MD可留摘要+结果链接，历史试验可归档；均非生产运行依赖
docs/verification/2026-09-15-official-catalog.json,722fb56bb51819793645af9254a042e8a75018a886d72198b9223b7cd9994488,documentation,34,0,False,1081,正式目录发布/回退的机器可读结果,让测试结论有范围/数据来源，而不是只口头说通过,建议整理：成对JSON/MD可留摘要+结果链接，历史试验可归档；均非生产运行依赖
docs/verification/2026-09-15-official-catalog.md,857a81f4d264de8c4091ed07507d8bba06daa9dc5b994835b139ac8fd5bfa3ef,documentation,11,0,False,1313,正式目录发布/回退的人工阅读说明,让测试结论有范围/数据来源，而不是只口头说通过,建议整理：成对JSON/MD可留摘要+结果链接，历史试验可归档；均非生产运行依赖
docs/verification/2026-09-15-path-template-merge.json,144a76e93a8ff3b954568b1c8a5e979a00c58c4a2d66f914b3c5c5bd643a1787,documentation,41,0,False,1246,历史候选模板展示合并的机器可读结果,让测试结论有范围/数据来源，而不是只口头说通过,建议整理：成对JSON/MD可留摘要+结果链接，历史试验可归档；均非生产运行依赖
docs/verification/2026-09-15-path-template-merge.md,c53e223ff548b880132401deededc9bbe32f328676194c48b411a67486c8aac8,documentation,14,0,False,1839,历史候选模板展示合并的人工阅读说明,让测试结论有范围/数据来源，而不是只口头说通过,建议整理：成对JSON/MD可留摘要+结果链接，历史试验可归档；均非生产运行依赖
migrations/202609140002_environments.sql,da650f4778e21034db506c28ea80d047d69fec6a6ce99483723b3027c710efb0,migration,17,0,False,684,项目环境实体、名称唯一规则,外部按名称首次上传可建环境，平台可管理,保留已应用迁移：后续修复新建迁移；长单行DDL可读性不足，不能按38行说简单
migrations/202609140003_ingestion.sql,092cf7e7b7ffe34ba9d29ae5de75a57d96448ad3498c6f8efc733ed165f5f43d,migration,39,0,False,1573,批次/记录回执、收件箱、结构头状态,可靠接收、幂等重试、同结构短路需要可持久化状态,保留已应用迁移：后续修复新建迁移；长单行DDL可读性不足，不能按38行说简单
migrations/202609140004_project_environment_scope.sql,2ed405d0ed1f59629681d9b0262e440aa89c6e9ba9f1f04c1441decd8f723c00,migration,16,0,False,953,将接口身份范围收敛为项目+环境,响应用户取消service_key去重维度；旧回执仍保存,保留已应用迁移：后续修复新建迁移；长单行DDL可读性不足，不能按38行说简单
migrations/202609140005_observed_documents.sql,2a2389a7201eb329e430dbe433f663c65fa2dd7d529604e130702b2c0e8e7c4a,migration,62,0,False,3199,接口本体、环境当前修订、差异及来源关联,结构首次入库并将变化留待确认；接口ID不依赖目录,保留已应用迁移：后续修复新建迁移；长单行DDL可读性不足，不能按38行说简单
migrations/202609140006_directional_observation_comparison.sql,ceadb5b524a110ff7c25fc6377680b73c7f837acd93e79e7b6b0dc1843fcee1c,migration,3,0,False,320,调整结构比较所需存储状态,空数组等不足证据不能使已知结构退化,保留已应用迁移：后续修复新建迁移；长单行DDL可读性不足，不能按38行说简单
migrations/202609150001_catalog_previews.sql,3b11e73656bcbb21c6f92bcd48ea97b36364f689f7fcbfbda8ad64b8e73ce7f8,migration,37,0,False,1518,旧候选快照和执行状态表,人工评估LLM目录结果且不自动发布,保留已应用迁移：后续修复新建迁移；长单行DDL可读性不足，不能按38行说简单
migrations/202609150002_path_identity.sql,b95968595fac0f0fc82407f71cdf367db94800d8eec4e90f6b2ad0cddc0349c5,migration,3,0,False,292,项目路径识别策略及相关状态,首次发现即模板化并允许静态前缀例外,保留已应用迁移：后续修复新建迁移；长单行DDL可读性不足，不能按38行说简单
migrations/202609150003_official_catalog.sql,9b4f2d7bfee371a53701977e66469b225699b8326cc4b7af917215776bafa6dc,migration,44,0,False,2637,正式目录、固定待分类、版本与发布回执,发布/回退并发受控，新接口始终有正式位置,保留已应用迁移：后续修复新建迁移；长单行DDL可读性不足，不能按38行说简单
migrations/202609150004_capture_evidence.sql,5ce7ff6c3be1050c016d6e4cb191f457ceca72699260df11e6f867119d4d577e,migration,34,0,False,6148,资产/原文索引、事件回执、值索引、关系/样例/pin/背压表,结构去重不能丢新证据，持续录制需可靠关联和保留策略,保留已应用迁移：后续修复新建迁移；长单行DDL可读性不足，不能按38行说简单
migrations/202609150005_knowledge_maintenance.sql,162d93f2e2d5782985f6e5cda2855373411e0539d611a881d57f185e2a00694c,migration,38,0,False,2854,知识快照/任务/调用/检查点、统一发布版本和回执,完整审阅可恢复；目录与语义统一切换并兼容旧目录版本,保留已应用迁移：后续修复新建迁移；长单行DDL可读性不足，不能按38行说简单
migrations/README.md,1fb184ae238c434e3a1062fc1f8a4d149a01151e1a37e86ab0d53089a54743af,migration,19,0,False,2581,记录新增环境/观测/目录/证据/维护迁移用途,已有数据库需按顺序升级且不可启动时争抢执行,保留：已执行迁移不能为减少行数重写
scripts/audit_observed_documents.py,0dc8926a015803bcbfe1f25543c9991c1beb342cf556948fe861923fa35f838c,scripts,101,0,False,6779,只读分析已观测接口完整性/差异,定位空数组、截断和错误结构；不改正式数据,保留：开发/交付工具，不计入运行时业务
scripts/build_offline_image.py,d803672ed093bbeee7af7478695b19c0db467ca1d245da3ebe7a7170f9da3782,scripts,25,0,False,1604,用锁定vendor依赖构建离线Linux镜像,Docker网络访问crates失败时复用同一Dockerfile；vendor留ignored target,保留：开发/交付工具，不计入运行时业务
scripts/capture_contract.py,069bbff44d0824359823cf42623b6d864d2de6de6ea6664f3230943ae6289d66,scripts,43,0,False,3771,生成和校验v3采集Schema/TS/摘要版本,多个记录种类共享Rust DTO，防止手写多份漂移,保留：开发/交付工具，不计入运行时业务
scripts/catalog_preview_contract.py,89f2abb7ae1495d65c290f916cba74f591d9e0630a07b605f5e5cc93ac8b9c64,scripts,54,0,False,3652,生成旧目录Schema/TS并提供类型转换辅助,支持历史候选合同；新的生成器复用部分代码,保留：开发/交付工具，不计入运行时业务
scripts/catalog_preview_report.py,bec6b22c9266ec81beb27c5a69374edd87111dfde486c51f1d1d2ae509dc503e,scripts,39,0,False,2978,把旧候选JSON渲染成文本报告,早期无前端的人工评估工具，不在生产请求链路,保留工具；其中旧文本报告可归档
scripts/document_contract.py,f7293558bb70033e30da0f0665736429e3ada34d3148c40531bb2543e65d4970,scripts,26,0,False,1755,从文档Schema生成TS和manifest,文档响应以Schema为权威源，区别于Rust生成的新合同,保留：开发/交付工具，不计入运行时业务
scripts/ingestion_contract.py,eb538228214c72480f43e71df2a3e83f03eecea8894328d24d1bdbc965622e3a,scripts,53,0,False,3455,生成接收TS与manifest、校验旧版本变更,用户要求模块合同改动可发现，旧回执不能被重写,保留：开发/交付工具，不计入运行时业务
scripts/maintenance_contract.py,a5767864c763fcb56686a8e6c1cfa84ea1e8f8575ace220bd2b11a70c2dada19,scripts,27,0,False,2040,生成统一维护Schema/TS/manifest并检查版本,LLM、后端和前端必须使用同一候选/回读协议,保留：开发/交付工具，不计入运行时业务
scripts/test_ingestion_contract.py,fdc2834becb7b3e811c2d00f96533775cce645093c7088cd7d238dcbe975b606,scripts,34,0,False,1597,测试合同改动必须升版及兼容门禁,不能只检查当前合同通过，还要验证违反规则确实失败,保留：开发/交付工具，不计入运行时业务
tests/architecture/dependencies.rs,960646ed008c733a00f9d2fa288a0b648a170499d065760db8a7e4c41e63fbde,test,30,7,False,5459,新增evidence白名单和禁止依赖失败用例,验证核心不能直接依赖SQLx/模型SDK，也不能绕dev依赖进入,保留：证明依赖边，不证明每个模块内职责纯净
tests/fixtures/pixel.png,2bd89266e7d9d1decb8e09d46ec31a6c1235ccff15830408ac79ab3fb06bba82,test-fixture,0,0,True,68,1×1合法PNG二进制测试样本,真实资产HTTP收讫/回读需要合法图片字节,保留：68字节二进制，不计算代码行
tests/integration/capture_benchmark.rs,bc404a6367309361ccc983c2bc3924ed7487ba69015427bd0865334df82801b8,test,113,0,False,4401,同批20条旧结构链路与新证据链路接收对照,量化持久化代价；单并发debug数据不能作生产性能合格证,保留：按明确失败行为拆用例；大型总测试应拆以便定位
tests/integration/capture_evidence.rs,b2db9fc10496889731361e3090d1e3033ea46c3f69d7aeb9602dc12814109d75,test,612,0,False,23292,真实HTTP+隔离PG验证多类型接收、去重、关联、权限、资产和保留,核心分流跨存储与worker，单元测试无法代替,保留：按明确失败行为拆用例；大型总测试应拆以便定位
tests/integration/capture_rollback.rs,b5177d441afb8ae229b50fc27d0572d36b9d59fe2989bbd0d94b74c7158c2151,test,70,0,False,2526,失败写入时收讫事务与文件/数据库边界检查,不能部分落库却返回成功，也不能重试改变回执,保留：按明确失败行为拆用例；大型总测试应拆以便定位
tests/integration/catalog_preview.rs,8a796ba2b0a5594d52028d59c2f0530f3332740f72261419a44ccc1b534d623e,test,918,0,False,33154,旧目录快照、合并组、正式发布回退与新接口保留,保留兼容API需要跨事务回归,保留：按明确失败行为拆用例；大型总测试应拆以便定位
tests/integration/compose_smoke.py,cdc65a5065e63387f820192d26e5189b06b1c05d1ac6115d9a52355ce024ac36,test,13,3,False,6288,扩展共享卷和非默认UID、健康/迁移/退出的隔离烟测,之前真实部署遇到卷所有权问题，需覆盖真实容器行为,保留：容器验收与浏览器验收分开
tests/integration/ingestion.rs,0f6bf652161e134011cc93bacd44125471dbe475b205b45a03fb42d972b791ec,test,763,0,False,28442,批次幂等、环境与项目权限、重复结构及并发写入,高频采集热路径正确性门禁,保留：按明确失败行为拆用例；大型总测试应拆以便定位
tests/integration/maintenance_fixture.rs,5296becfc55130679ec973a451bc4b6d55b3fe865bd2ab70ae366c57ba6b7061,test,621,0,False,20065,可控模型驱动全量审阅/回读/候选/发布与失败恢复,可重复测试无效输出、预算、租约和版本冲突；不冒充真实LLM效果,保留：按明确失败行为拆用例；大型总测试应拆以便定位
tests/integration/processing.rs,5e40a964d856db298c851cd6dd16aa134e98450f742534cb6f63d8af9f6c0335,test,662,0,False,23069,观测建档/修订/差异/空数组/路径策略流程,证明没有把不充分样本当成字段删除,保留：按明确失败行为拆用例；大型总测试应拆以便定位
tests/integration/replay.rs,ccdb9b74639074ae31e76100f6a970bbc4b2b015f806fe577116c6d9cf29ce81,test,219,0,False,8950,采集样本通过后端流程重放,检验路径模板与已有观测行为，非真实Chrome录制,保留：按明确失败行为拆用例；大型总测试应拆以便定位
